ca,grad,mcom,btech,bcom,be,ca,ssc,secondaryschoolcertificate,cbse,cbse,bachelorsofengineering ,bachelorofengineering ,hsc,highersecondarycertificate, bachelorofcommerce,diploma,advanceddiplomaindredgingtechnology,postgraduatediplomainsecuritieslawscourse,postgraduateinsecuritieslaw,appreciationprogrammeoncitizenjournalism,bachelorinhotelmanagement,bachelorofarchitecture,bachelorofarchitectureinteriordesign,bachelorofarts&bacheloroflaw,bachelorofarts(general),bachelorofartsacientindianculture,bachelorofartsarabic(honors),bachelorofartsbengali(honors),bachelorofartsbusinesseconomics(honors),bachelorofartseconomics,bachelorofartseconomics(honors),bachelorofartseducation,bachelorofartsenglish,bachelorofartsenglish(honors),bachelorofartsfolklore,bachelorofartsgeography,bachelorofartsgeography(honors),bachelorofartsgujarati,bachelorofartshindi,bachelorofartshindi(honors),bachelorofartshindipatrakaritaevamjansanchar(honors),bachelorofartshistory,bachelorofartshistory(honors),bachelorofartshomescience(honors),bachelorofartsinternationalhospitalityadministration,bachelorofartsjournalism,bachelorofartsmarathi,bachelorofartsmathematics(honors),bachelorofartsmusic(honors),bachelorofartspersian(honors),bachelorofartsphilosophy,bachelorofartsphilosophy(honors),bachelorofartspoliticalscience(honors),bachelorofartspolitics,bachelorofartsprayojanmulakhindi,bachelorofartspsychology,bachelorofartspsychology(honors),bachelorofartspublicservice,bachelorofartspunjabi(honors),bachelorofartssanskrit,bachelorofartssanskrit(honors),bachelorofartssocialwork(honors),bachelorofartssociology,bachelorofartssociology(honors),bachelorofartstamil,bachelorofartsurdu(honors),bachelorofartsvocationalstudies,bachelorofartsvyavaharikandupyojitmarathi,bachelorofaudiologyandspeechlanguagepathology,bachelorofayurvedicmedicine&surgery,bachelorofbusinessadministration(foreigntrade),bachelorofbusinessadministration(hospitalitymanagment),bachelorofbusinessadministration(hospitalitymanagment/tourist&travelmanagement),bachelorofbusinessadministration(informationsystemsmanagement),bachelorofbusinessadministration(informationtechnologymanagement),bachelorofbusinessadministration(shipping),bachelorofbusinessadministrationhotel&tourismmanagement,bachelorofbusinessadministrationinsurance&banking,bachelorofbusinessadminsitration,bachelorofbusinessmanagement,bachelorofbusinessstudies,bachelorofcommerce(general),bachelorofcommerce(honors),bachelorofcommerce(professional),bachelorofcommerceaccountancy,bachelorofcommerceaccountingandfinance,bachelorofcommercebanking&insurance,bachelorofcommercebankingandfinance,bachelorofcommercebusinesseconomics,bachelorofcommercecorporatelaw,bachelorofcommerceeconomics,bachelorofcommerceenvironmentalscience,bachelorofcommercefinancialmarkets,bachelorofcommercevocational,bachelorofcomputerapplication,bachelorofdentalsurgery,bachelorofeducation,bachelorofeducation(english),bachelorofeducationhearingimpairment,bachelorofeducationvacational,bachelorofelementaryeducation,bachelorofengieeringpetroleumengineeringandoffshoreengineering,bachelorofengineeringaeronauticalengineering,bachelorofengineeringautomobileengineering,bachelorofengineeringbiomedicalengineering,bachelorofengineeringbiotechnology,bachelorofengineeringchemicalengineering,bachelorofengineeringcivilengineering,bachelorofengineeringcomputerengineering,bachelorofengineeringelectrical&electronicsengineering,bachelorofengineeringelectrical&electronicsengineering(marine),bachelorofengineeringelectricalengineering,bachelorofengineeringelectronics&instrumentationengineering,bachelorofengineeringelectronicsandtelecommunicationengineering,bachelorofengineeringelectronicsengineering,bachelorofengineeringharbour&oceanengineering,bachelorofengineeringhumanitiesandappliedsciences,bachelorofengineeringindustrialengineering,bachelorofengineeringinformationtechnology,bachelorofengineeringinstrumentation&controlengineering,bachelorofengineeringinstrumentationengineering,bachelorofengineeringmanufacturingprocesses&automationengineering,bachelorofengineeringmarineengineering,bachelorofengineeringmechanicalengineering,bachelorofengineeringnavalarchitectureandoffshoreengineering,bachelorofengineeringproductionengineering,bacheloroffinancial&investmentanalysis,bacheloroffineart(appliedart),bacheloroffineart(arthistory),bacheloroffineart(general),bacheloroffineart(painting),bacheloroffineart(printmaking),bacheloroffineart(sculpture),bacheloroffineart(visualcommunication),bachelorofhomescience,bachelorofhomescienceapparelproduction&management,bachelorofhomesciencejournalism&masscommunication,bachelorofhomescienceorganization&managementofearlychildhoodprogrammes,bachelorofhomoeopathicmedicine&surgery,bachelorofjournalism&masscommunication(honors),bacheloroflaw,bacheloroflaw&masteroflaw,bacheloroflaw(general),bacheloroflaw(special)),bacheloroflegalscienceandbacheloroflaw,bacheloroflibraryscience,bachelorofmanagementstudies,bachelorofmanagementstudies(honors),bachelorofmassmedia,bachelorofmedicine&bachelorofsurgery,bachelorofoptometry,bachelorofperformingarts(dance),bachelorofperformingarts(music),bachelorofpharmacy,bachelorofphysicaleducation,bachelorofphysiotherapy,bachelorofscience(agriculturebiotechnology),bachelorofscience(general),bachelorofscience(medicaltechnology)radiology,bachelorofscienceagriculture,bachelorofscienceagrilculturalmarketing&businessmanagement,bachelorofscienceanthropology(honors),bachelorofscienceaviation,bachelorofsciencebiochemistry,bachelorofsciencebiochemistry(honors),bachelorofsciencebiologicalsciences(honors),bachelorofsciencebiomedicalsciences(honors),bachelorofsciencebiotechnology,bachelorofsciencebotany,bachelorofsciencebotany(honors),bachelorofsciencechemistry,bachelorofsciencechemistry(honors),bachelorofsciencecommercialagriculture&businessmanagement,bachelorofsciencecomputerscience,bachelorofscienceenviormentalsciences,bachelorofsciencefashion&appareldesigning,bachelorofsciencefashiondesign,bachelorofsciencefashiontechnology,bachelorofsciencefisheries,bachelorofsciencefoodtechnology,bachelorofscienceforensicscience,bachelorofscienceforestry,bachelorofsciencegenetics,bachelorofsciencegeology(honors),bachelorofsciencehomescience,bachelorofsciencehomescienceinteriordesign,bachelorofsciencehomesciencenutrition&dietetics,bachelorofsciencehorticulture,bachelorofsciencehotelmanagementandcateringtechnology,bachelorofsciencehotelmanagementandtourism,bachelorofscienceinformationtechnology,bachelorofscienceinteriordesign,bachelorofsciencelifescience,bachelorofsciencemathematics,bachelorofsciencemathematics(honors),bachelorofsciencemedicallaboratorytechnology,bachelorofsciencemedicaltechnology,bachelorofsciencemicrobiology,bachelorofsciencemicrobiology(honors),bachelorofsciencenauticalscience,bachelorofsciencenursing(honors),bachelorofsciencenursing(postbasic),bachelorofsciencenursing(postbasic)(distanceeducation),bachelorofscienceoccupationaltherapy,bachelorofsciencephyscialsciences(honors),"bachelorofsciencephysicaleducation,healtheducationandsports(hons)",bachelorofsciencephysics,bachelorofsciencephysics(honors),bachelorofscienceplantbiotechnology,bachelorofsciencestatistics,bachelorofsciencestatistics(honors),bachelorofsciencevisualcommunication,bachelorofsciencezoology,bachelorofsciencezoology(honors),bachelorofsocialwork,bachelorofsociolegalsciences,bacheloroftechnology(foodscience),bacheloroftechnologyagricultureengineering,bacheloroftechnologychemicalengineering,bacheloroftechnologycivilengineering,bacheloroftechnologycomputerscience,bacheloroftechnologycomputerscienceandengineering,bacheloroftechnologycomputerscienceengineering,bacheloroftechnologyelectricalandelectronicsengineering,bacheloroftechnologyelectronics,bacheloroftechnologyelectronics&communicationengineering,bacheloroftechnologyfoodtechnology,bacheloroftechnologyindustrialbiotechnology,bacheloroftechnologyinformation&communicationtechnology,bacheloroftechnologyinformationtechnology,bacheloroftechnologyinstrumentation,bacheloroftechnologymanufacturingtechnology,bacheloroftechnologymarineengineering,bacheloroftechnologymechanicalengineering,bacheloroftechnologypetroleumengineering,bacheloroftechnologyplasticstechnology,bacheloroftechnologypolymerscience,bacheloroftechnologypsychologicalscience,bachelorofunanimedicineandsurgery,bachelorofveterinaryscienceandanimalhusbandry,bachelorofvisualarts(appliedart),bachelorofvisualarts(painting),bachelorofvisualarts(sculpture),certificateinweldingtechnology,craftcourseincookery,craftcourseinfood&beverageservice,craftcourseinhotelmanagement&cateringtechnology,craftmanshipcourseinbakery&confectionary,charteredaccountant,diplomainagriculture,diplomainbusinessjournalismandcorporatecommunication,diplomaincivil&environmentalengineering,diplomaindance,diplomainearlychildhoodeducation,diplomainelectricalengineering,diplomainelectronicsengineering,diplomainfashionandtextiledesigning,diplomainhealth-careandhospitalmanagement,diplomaininteriordesignanddecoration,diplomainlabourlaws&practice,diplomainmechanicalengineering,diplomainmusic,diplomainpharmacy,diplomainschoolmanagement,diplomaintaxationlaw,diplomaintaxationlaws&practice,diplomaintechnicalchemistry,diplomaintextilemanufactures,doctorofmedicinemateriamedica,doctorofmedicineanaesthesia,doctorofmedicineanatomy,doctorofmedicineayurvedakayachikitsa,doctorofmedicineayurvedakriyasharir,doctorofmedicinebiochemistry,doctorofmedicinecommunitymedicine,doctorofmedicinedermatology,doctorofmedicineforensicmedicine,doctorofmedicinegeneralmedicine,doctorofmedicinehomeopathicphilosophy,doctorofmedicinehomeopathy,doctorofmedicinemedicine,doctorofmedicinemicrobiology,doctorofmedicineobstetrics&gynecology,doctorofmedicineorthopaedics,doctorofmedicineotorhinolaryngologyandhead&necksurgery,doctorofmedicinepaediatrics,doctorofmedicinepathology,doctorofmedicinepharmacology,doctorofmedicinephysiology,doctorofmedicinepsychiatry,doctorofmedicinepulmonarymedicine,doctorofmedicineradio-diagnosis,doctorofmedicineradio-therapy,doctorofmedicineradiology,doctorofmedicinerepertory,doctorofmedicinetuberculosis&chestdiseases,doctorofmedicineunanimoalejat,doctorofphilosophyagriculturalprocess&foodengineering,doctorofphilosophybanking&finance,doctorofphilosophybiochemistry,doctorofphilosophybiology,doctorofphilosophybiomedicalsciences,doctorofphilosophychemistry,doctorofphilosophyeducation,doctorofphilosophyfarmmachinery&power,doctorofphilosophygujarati,doctorofphilosophyhindi,doctorofphilosophyinforestecology&environment,doctorofphilosophyinforestmanagement,doctorofphilosophyinorganicchemistry,doctorofphilosophykannada,doctorofphilosophylaw,doctorofphilosophymanagementstudies,doctorofphilosophymarathi,doctorofphilosophymarinebiotechnology,doctorofphilosophymaritimemanagement,doctorofphilosophymechanicalengineering,doctorofphilosophymedicalbiochemistry,doctorofphilosophymedicalpharmacology,doctorofphilosophymicrobiology,doctorofphilosophynursing,doctorofphilosophyorganicchemistry,doctorofphilosophypetroleumengineering,doctorofphilosophypharmaceuticalanalysis,doctorofphilosophypharmaceuticalchemistry,doctorofphilosophypharmaceutics,doctorofphilosophypharmacognosy,doctorofphilosophypharmacology,doctorofphilosophypharmacy,doctorofphilosophyphilosophy,doctorofphilosophyphysiology,doctorofphilosophypulmonarymedicne,doctorofphilosophysocialwork,doctorofphilosophysoil&waterengineering,doctorofphilosophyspecialeducation,doctorofphilosophyzoology,doctorateinagriculture,doctorateinagricultureengineering,doctorateinfisheries,doctorateinmicrobiology,doctorateinveterinaryscienceandanimalhusbandary,doctrateinmedicinepulmonarymedicine,entrepreneurialmasterofbusinessadministration,fellowprogrammeinmanagement,integratedbachelorofartsandbacheloroflaw,integratedmasterofbusinessadministration,integratedmasterofphilosophyanddoctorofphilosophyenglish,integratedmasterofphilosophyanddoctorofphilosophymanagement,integratedmasteroftourismadministration,integratedmastersinlifescience,masterofagriculturalbusinessmanagement,masterofarchitecture(byresearch),masterofarchitecture(general),masterofarchitecturearchitecturalandurbanconservation,masterofarchitectureconstructionmanagement,masterofarchitectureenvironmentalarchitecture,masterofarchitecturerealestatedevelopment,masterofarchitectureurbanandregionalplanning,masterofarchitectureurbandesign,"masterofarts(diplomacy,law&business)",masterofartsancienthistory&archaeology,masterofartsarabic,masterofartscommunication&mediastudies,masterofartscommunicationandjournalism,masterofartsconvergentjournalism,masterofartsdisabilitycommunicationanddeafstudies,masterofartseconomics,masterofartseducation,masterofartsenglish,masterofartsenglish(englishlanguagetraining),masterofartsgeography,masterofartsgujarati,masterofartshindi,masterofartshistory,masterofartsmahayanabuddhiststudies,masterofartsmathematics,masterofartsmusic,masterofartspersian,masterofartsphilosophy,masterofartspoliticalscience,masterofartspsychology,masterofartspublicadministration,masterofartspublicpolicy,masterofartspublicrelations,masterofartspunjabi,masterofartsruraldevelopment,masterofartssanskrit,masterofartssociology,masterofartstelugu,masterofartstourismmanagement,masterofartsurdu,masterofbusinessadministration,masterofbusinessadministration(businesseconomics),masterofbusinessadministrationhospitaladministration,masterofbusinessadministrationhospitalitymanagement,masterofbusinessadministrationhumanresourcemanagement,masterofbusinessadministrationinsurance&banking,masterofbusinessadministrationinternationalbusiness,masterofbusinessadministrationtourismandtravelmanagement,masterofbusinessadministrationtourismmanagement,masterofbusinessapplicationagriculturemanagement,masterofbusinessmanagement(marinehumanresourcemanagement),masterofbusinessmanagement(shipping&logisticsmanagement),masterofbusinessmanagement(shippingfinance),masterofcommerce(accounting&financialmanagement),masterofcommerce(general),masterofcommerce(humanresourcemanagement),masterofcommerce(internationalbanking&accounting),masterofcommerceaccontancy,masterofcommerceaccountingandauditing,masterofcommerceadvanceaccounting,masterofcommercebankingandfinance,masterofcommercebusinessfinance,masterofcommerceindustrialeconomics,masterofcommercemanagement,masterofcomputerapplication,masterofeducation,masterofeducationhearingimpairment,masterofengineeringcommunicationsystems,masterofengineeringcomputeraideddesign/computeraidedmachining,masterofengineeringcomputerengineering,masterofengineeringelectricalengineering,masterofengineeringelectronics&telecommunication,masterofengineeringelectronicsengineering,masterofengineeringinformationtechnology(informationsecurity),masterofengineeringinstrumentation&control,masterofengineeringmechanicalengineering,masterofengineeringmechanicalengineering(cad/cam),masterofengineeringmechanicalengineering(energyengineering),masterofengineeringpowerelectronics&drives,masterofengineeringvlsidesign,masteroffinancialmanagement,masteroffineartappliedart,masteroffineartpainting,masteroffineartprintmaking,masteroffineartsclupture,masteroffineartvisualcommunication,masteroffineartsillustration,masteroffineartstypography,masterofhumanresourcedevelopment,masterofhumanresourcemanagement,masterofinformationmanagement,masteroflabourwelfare,masteroflaws,masteroflibraryscience,masterofmanagementstudies,masterofmarketingmanagement,masterofoccupationaltherapy,masterofoptometry,masterofperformingarts(dance),masterofpharmacy,masterofpharmacypharmaceuticalanalysis,masterofpharmacyclinicalresearch,masterofpharmacyherbaldrugtechnology,masterofpharmacyhospitalpharmacy,masterofpharmacypharmaceuticalchemistry,masterofpharmacypharmaceuticalmanagement,masterofpharmacypharmaceutics,masterofpharmacypharmacognosy,masterofpharmacypharmacology,masterofpharmacyqualityassurance,masterofphilosophy(naturalresourcemangement),masterofphilosophybiomedicalsciences,masterofphilosophymarinebiotechnology,masterofphilosophymarinemicrobiology,masterofphilosophynursing,masterofphysicaleducation,masterofphysiotherapy,masterofscience(horticulture),masterofscience(medicalimagingtechnology)radiology,masterofscience(postharvestmanagement),masterofscienceagriculture,masterofscienceanalyticalchemistry,masterofscienceanalyticalchemistry(research),masterofscienceanatomy,masterofscienceanddoctorofphilosophybiomedicalsciences,masterofscienceanthropology,masterofscienceappliedgenetics,masterofscienceappliedmathematics,masterofscienceaquaculture,masterofsciencebiochemistry,masterofsciencebiochemistry,masterofsciencebioinformatics,masterofsciencebiomedicalsciences,masterofsciencebiotechnology,masterofsciencebotany,masterofsciencechemistry,masterofsciencechemistry(research),masterofsciencecomputerscience,masterofsciencedefencescience,masterofscienceearthscience,masterofscienceelectronics,masterofscienceelectronics&communication,masterofscienceelectronics&instrumentationtechnology,masterofscienceenvironmentsciencetechnology,masterofscienceenvironmentalsciences,masterofsciencefabric&apparelscience,masterofsciencefisheries,masterofsciencefoods&nutrition,masterofscienceforensicscience,masterofscienceforestry,masterofsciencegenetics,masterofsciencegeology,masterofsciencehomescience,masterofsciencehomescience(familyresourcemanagement),masterofsciencehomescience(foodbiotechnology),masterofsciencehomescience(foodnutritionanddietetics),masterofsciencehomescience(foodprocessingandpreservation),masterofsciencehomescience(humandevelopment),masterofsciencehomescience(sportsnutrition),masterofsciencehomescience(textile&clothing),masterofsciencehomescience(textileandfashiontechnology),masterofsciencehotel&tourismstudies,masterofscienceindustrialbiotechnology,masterofscienceindustrialpolymerchemistry,masterofscienceinformatics,masterofscienceinformationtechnology,masterofscienceinorganicchemistry,masterofscienceinorganicchemistry(research),masterofscienceinstrumentation,masterofsciencemarinebiotechnology,masterofsciencematerialscience&technology,masterofsciencemathematics,masterofsciencemedicallaboratorytechnology,masterofsciencemicrobiology,masterofsciencemicrobiology,masterofsciencemicrobiology(research),masterofsciencenano-biotechnology,masterofsciencenano-technology,masterofsciencenanoscience&nanotechnology,masterofsciencenursing,masterofscienceoceanographyfisheriesandaquaculture,"masterofscienceoils,fats&waxes",masterofscienceoperationalresearch,masterofscienceorganicchemistry,masterofscienceorganicchemistry(research),masterofsciencepharmaceuticalchemistry,masterofsciencepharmacology,masterofsciencephysicalchemistry,masterofsciencephysics,masterofsciencephysics(electronics),masterofsciencephysics(materialscience),masterofsciencephysiology,masterofsciencepolymerscience&technology,masterofsciencerenewableenergy(energymanagement),masterofsciencerenewableenergy(environmentmodeling),masterofsciencerenewableenergy(systemtechnology),masterofsciencestatistics,masterofsciencestatistics(quality&productivitymanagement),masterofsciencestatistics(qualityreliability&operationsresearch),masterofsciencesurfacecoatingtechnology,masterofsciencetaxonomy,masterofsciencezoology,masterofsciencezoology(research),masterofsocialwork,masterofsurgeryanatomy,masterofsurgeryearnose&throat,masterofsurgerygeneralsurgery,masterofsurgeryophthalmology,masterofsurgeryorthopaedics,masterofsurgeryotorhinolaryngology,masterofsurgerysurgery,masteroftechnologyagriculturalprocess&foodengineering,masteroftechnologyagricultureengineering,masteroftechnologybiotechnology,masteroftechnologycomputerengineering(informationsystems),masteroftechnologycomputerscience&technology,masteroftechnologyelectronics&communicationengineering,masteroftechnologyelectronics&communicationengineering(signalprocessing),masteroftechnologyenergymanagement,masteroftechnologyinfarmmachinery&power,masteroftechnologyinformation&communicationtechnology,masteroftechnologyinstrumentation&controlengineering(processcontrol),masteroftechnologymanufacturing&automation,masteroftechnologymarineengineeringmanagement,masteroftechnologypetroleumtechnology,masteroftechnologyplasticstechnology,masteroftechnologysoil&waterengineering,masteroftourismadministration,masteroftourismandtravelmanagement,masterofurbanplanning,masterofveterinaryscience,mastersinheritagemanagement,mastersinlifesciences,postdiplomaininteriordesigning&decoration,postgraduatediplomaanaesthesia,postgraduatediplomainadvertising&marketingcommunication,postgraduatediplomainadvertising&media,postgraduatediplomainambedkarstudies,mbf,mastersinbusinessfinance,postgraduatediplomainbusinessadministration,postgraduatediplomainbusinessmanagement,postgraduatediplomainchildhealth,postgraduatediplomaincomputerapplications,postgraduatediplomaincorporatecommunication&eventmanagement,postgraduatediplomaincriminallaw,postgraduatediplomaindefencematerials,postgraduatediplomaindermatology&venerology,postgraduatediplomaindieteticsandpublichealthnutrition,postgraduatediplomaindigitalandcyberforensicsandrelatedlaws,postgraduatediplomainforensicscienceandrelatedlaws,postgraduatediplomainforestrymanagement,postgraduatediplomaingeriatricmedicine,postgraduatediplomainglobalbusinessoperations,postgraduatediplomainhealthandsocialgerontology,postgraduatediplomainhorticultureandlandscapegardening,postgraduatediplomainintellectualpropertyrights,postgraduatediplomaininternationalmarketing,postgraduatediplomainlabourlawandlabourwelfare,postgraduatediplomainmanagement,postgraduatediplomainmanagementofeducation,postgraduatediplomainmaternalandchildhealth,postgraduatediplomainmedia&disabilitycommunication,postgraduatediplomainmedicallaboratorytechnology,postgraduatediplomainmedicalradiodiagnosis,postgraduatediplomainobstetricsandgynaecology,postgraduatediplomainophthalmology,postgraduatediplomainorthopaedics,postgraduatediplomainotorhinolaryngology,postgraduatediplomainpathology,postgraduatediplomainsocialmedia&webjournalism,postgraduatediplomaintaxationlaws,postgraduatediplomaintelevision&radiojournalism/production,postgraduatediplomaintuberculosis&chestdisease,postgraduatediplomainyogaforhumanexcellence,"postgraduatediplomainclinicalstudies,datamanagement&medicalwriting",preparatorycoursefordoctorofphilosophybiotechnology,volunteeringforabetterworld,xiarts,xicommerce,xiscience,xiiarts,xiicommerce,xiiscience,aa,aas,aat,aot,ba,baba,bacom,bae,bag,barch,bba,bce,bche,bd,be,bee,bfa,bindsn,bj,bla,bmed,bpharm,bs,bsae,bsba,bscs,bschem,bse,bsed,bsme,bsmicr,bssw,phb,thb,ma,ma,ba,macct,maqua,mba,mcd,mcs,mdiv,me,med,mfstry,mlarch,mlis,mm,mmus,mps,ms,mscj,mscs,mschem,msfs,msmsci,msmet,mswe,msw,mth,thm,aud,da,dba,dc,dd,ded,dls,dma,dpa,dph,dsc,dsw,dvm ,edd,jd,lhd,lld,musd,dm,od,phd,sd,scd,sscd,thd,bn,bsn,mn,mna,dds,dmd,do,dpt,dsn,dscpt,md,od,pharmd,ba,barch,bba,bce,bche,bd,be,becomputer,beit,beelectrical,bee,bfa,bj,bia,bmed,bpharm,bs,bse,ma,mba,mcd,mcs,me,med,mm,ms,da,ded
